{
	"format_version": "1.8.0",
	"animations": {
		"animation.theentity.off": {
			"loop": "hold_on_last_frame",
			"animation_length": 340282346638528859811704183484516925440.000000,
			"override_previous_animation": false,
			"bones": {
				"body": {
					"rotation": {
						"0.0": [2.5, 0, 0],
						"0.4": {
							"pre": [5, 0, 0],
							"post": [5, 0, 0],
							"lerp_mode": "catmullrom"
						},
						"0.9": {
							"post": [2.5, 0, 0],
							"lerp_mode": "catmullrom"
						},
						"1.2": [4.99527, -0.21782, 2.4905],
						"1.7": {
							"pre": [2.5, 0, 0],
							"post": [2.5, 0, 0],
							"lerp_mode": "catmullrom"
						},
						"2.2": {
							"post": [5, 0, 0],
							"lerp_mode": "catmullrom"
						},
						"2.6": {
							"post": [2.5, 0, 0],
							"lerp_mode": "catmullrom"
						},
						"2.9": [4.99527, -0.21782, 2.4905],
						"3.4": {"pre": [4.99527, -0.21782, 2.4905], "post": [2.5, 0, 0]},
						"4.6": {
							"pre": [2.5, 0, 0],
							"post": [2.5, 0, 0],
							"lerp_mode": "catmullrom"
						},
						"5.3": {
							"post": [0, 0, 0],
							"lerp_mode": "catmullrom"
						},
						"340282346638528859811704183484516925.0": [0, 0, 0]
					},
					"position": {
						"0.0": [0, 2.25, 0],
						"0.4": {
							"pre": [-0.75, 3, 0],
							"post": [-0.75, 3, 0],
							"lerp_mode": "catmullrom"
						},
						"0.9": {
							"post": [0, 2.25, 0],
							"lerp_mode": "catmullrom"
						},
						"1.2": [0.99, 2.74, 0],
						"1.7": {
							"pre": [0, 2.25, 0],
							"post": [0, 2.25, 0],
							"lerp_mode": "catmullrom"
						},
						"2.2": {
							"post": [-0.75, 3, 0],
							"lerp_mode": "catmullrom"
						},
						"2.6": {
							"post": [0, 2.25, 0],
							"lerp_mode": "catmullrom"
						},
						"2.9": [0.99, 2.74, 0],
						"3.4": {"pre": [0.99, 2.74, 0], "post": [0, 2.25, 0]},
						"4.6": {
							"pre": [0, 2.25, 0],
							"post": [0, 2.25, 0],
							"lerp_mode": "catmullrom"
						},
						"5.3": {
							"post": [0, 0, 0],
							"lerp_mode": "catmullrom"
						},
						"340282346638528859811704183484516925.0": [0, 0, 0]
					}
				},
				"head": {
					"rotation": {
						"0.0": [-2.5, 0, 0],
						"0.4": {
							"pre": [-2.49762, 0.10901, 2.49762],
							"post": [-2.49762, 0.10901, 2.49762],
							"lerp_mode": "catmullrom"
						},
						"0.9": {
							"post": [-2.49762, -0.10901, -2.49762],
							"lerp_mode": "catmullrom"
						},
						"1.2": [-2.49762, -0.10901, -2.49762],
						"1.7": {
							"pre": [-2.5, 0, 0],
							"post": [-2.5, 0, 0],
							"lerp_mode": "catmullrom"
						},
						"2.2": {
							"post": [-2.49762, 0.10901, 2.49762],
							"lerp_mode": "catmullrom"
						},
						"2.6": {
							"post": [-2.49762, -0.10901, -2.49762],
							"lerp_mode": "catmullrom"
						},
						"2.9": [-2.49762, -0.10901, -2.49762],
						"3.4": {"pre": [-2.49762, -0.10901, -2.49762], "post": [-2.5, 0, 0]},
						"4.6": {
							"pre": [-2.5, 0, 0],
							"post": [-2.5, 0, 0],
							"lerp_mode": "catmullrom"
						},
						"5.3": {
							"post": [17.5, 0, 0],
							"lerp_mode": "catmullrom"
						},
						"340282346638528859811704183484516925.0": [17.5, 0, 0]
					},
					"position": {
						"0.0": [0, 0.25, 0],
						"0.4": {
							"pre": [0, 0.25, 0],
							"post": [0, 0.25, 0],
							"lerp_mode": "catmullrom"
						},
						"1.2": [0, 0.25, 0],
						"1.7": {
							"pre": [0, 0.25, 0],
							"post": [0, 0.25, 0],
							"lerp_mode": "catmullrom"
						},
						"2.2": {
							"post": [0, 0.25, 0],
							"lerp_mode": "catmullrom"
						},
						"2.9": [0, 0.25, 0],
						"3.4": {"pre": [0, 0.25, 0], "post": [0, 0.25, 0]},
						"4.6": {
							"pre": [0, 0.25, 0],
							"post": [0, 0.25, 0],
							"lerp_mode": "catmullrom"
						},
						"5.3": {
							"post": [0, 0, 0],
							"lerp_mode": "catmullrom"
						},
						"340282346638528859811704183484516925.0": [0, 0, 0]
					}
				},
				"rightArm": {
					"rotation": {
						"0.0": [-2.56429, 10.39703, 4.10275],
						"0.4": {"pre": [-2.56429, 10.39703, 4.10275], "post": [-3.01978, 10.27523, 1.56452]},
						"0.9": {
							"pre": [-2.12277, 12.99715, 6.54865],
							"post": [-2.12277, 12.99715, 6.54865],
							"lerp_mode": "catmullrom"
						},
						"1.2": {
							"post": [-2.69698, 12.89202, 3.98572],
							"lerp_mode": "catmullrom"
						},
						"1.7": [-2.56429, 10.39703, 4.10275],
						"2.2": {"pre": [-2.56429, 10.39703, 4.10275], "post": [-3.01978, 10.27523, 1.56452]},
						"2.6": {"pre": [-3.01978, 10.27523, 1.56452], "post": [-2.12277, 12.99715, 6.54865]},
						"2.9": {"pre": [-2.12277, 12.99715, 6.54865], "post": [-2.69698, 12.89202, 3.98572]},
						"3.4": {
							"pre": [-2.56429, 10.39703, 4.10275],
							"post": [-2.56429, 10.39703, 4.10275],
							"lerp_mode": "catmullrom"
						},
						"4.6": {
							"post": [-2.56429, 10.39703, 4.10275],
							"lerp_mode": "catmullrom"
						},
						"5.3": {
							"post": [0, 0, 0],
							"lerp_mode": "catmullrom"
						},
						"340282346638528859811704183484516925.0": [0, 0, 0]
					},
					"position": {
						"0.0": [0, 0, 0],
						"0.4": {"pre": [0, 0, 0], "post": [-0.5, 0, 0]},
						"0.9": {
							"pre": [-0.25, -0.25, 0],
							"post": [-0.25, -0.25, 0],
							"lerp_mode": "catmullrom"
						},
						"1.2": {
							"post": [0, 0.25, 0],
							"lerp_mode": "catmullrom"
						},
						"1.7": [0, 0, 0],
						"2.2": {"pre": [0, 0, 0], "post": [-0.5, 0, 0]},
						"2.6": {"pre": [-0.5, 0, 0], "post": [-0.25, -0.25, 0]},
						"2.9": {"pre": [-0.25, -0.25, 0], "post": [0, 0.25, 0]},
						"3.4": {
							"pre": [0, 0, 0],
							"post": [0, 0, 0],
							"lerp_mode": "catmullrom"
						},
						"4.6": {
							"post": [0, 0, 0],
							"lerp_mode": "catmullrom"
						},
						"5.3": {
							"post": [0, 0, 0],
							"lerp_mode": "catmullrom"
						},
						"340282346638528859811704183484516925.0": [0, 0, 0]
					}
				},
				"leftArm": {
					"rotation": {
						"0.0": [0.2197, -7.49044, -5.02391],
						"0.4": {"pre": [0.2197, -7.49044, -5.02391], "post": [-0.33073, -12.48806, -2.48292]},
						"0.9": {"pre": [-0.33073, -12.48806, -2.48292], "post": [-0.33073, -12.48806, -2.48292]},
						"1.2": {"pre": [-0.33073, -12.48806, -2.48292], "post": [0.2231, -12.49041, -5.04352]},
						"1.7": {
							"pre": [0.2197, -7.49044, -5.02391],
							"post": [0.2197, -7.49044, -5.02391],
							"lerp_mode": "catmullrom"
						},
						"2.2": {
							"post": [-0.33073, -12.48806, -2.48292],
							"lerp_mode": "catmullrom"
						},
						"2.6": [-0.33073, -12.48806, -2.48292],
						"2.9": {"pre": [-0.33073, -12.48806, -2.48292], "post": [0.2231, -12.49041, -5.04352]},
						"3.4": {"pre": [0.2231, -12.49041, -5.04352], "post": [0.2197, -7.49044, -5.02391]},
						"4.6": {
							"pre": [0.2197, -7.49044, -5.02391],
							"post": [0.2197, -7.49044, -5.02391],
							"lerp_mode": "catmullrom"
						},
						"5.3": {
							"post": [0, 0, 0],
							"lerp_mode": "catmullrom"
						},
						"340282346638528859811704183484516925.0": [0, 0, 0]
					},
					"position": {
						"0.0": [0, 0, 0],
						"0.4": {"pre": [0, 0, 0], "post": [0.5, -0.73, 0]},
						"0.9": {"pre": [0.5, -0.73, 0], "post": [0, 0.02, 0]},
						"1.2": {"pre": [0, 0.02, 0], "post": [0.25, 0.27, 0]},
						"1.7": {
							"pre": [0, 0, 0],
							"post": [0, 0, 0],
							"lerp_mode": "catmullrom"
						},
						"2.2": {
							"post": [0.5, -0.73, 0],
							"lerp_mode": "catmullrom"
						},
						"2.6": [0, 0.02, 0],
						"2.9": {"pre": [0, 0.02, 0], "post": [0.25, 0.27, 0]},
						"3.4": {"pre": [0.25, 0.27, 0], "post": [0, 0, 0]},
						"4.6": {
							"pre": [0, 0, 0],
							"post": [0, 0, 0],
							"lerp_mode": "catmullrom"
						},
						"5.3": {
							"post": [0, 0, 0],
							"lerp_mode": "catmullrom"
						},
						"340282346638528859811704183484516925.0": [0, 0, 0]
					}
				},
				"rightLeg": {
					"rotation": {
						"0.0": [2.5, 0, 0],
						"0.4": {"pre": [2.5, 0, 0],